"temp","N_species","N","resp_rate_abs","sd","se","ci"
"20","CNTRL",44,0.0041975,0.00194410274037055,0.00029308451562322,0.000591061256371812
"20","N",60,0.00422216666666667,0.00159750132401385,0.000206236534114997,0.000412678351557053
"20","A",70,0.00436714285714286,0.00226721059726254,0.00027098349692343,0.000540597284757123
"30","CNTRL",48,0.004258125,0.00202910173633137,0.000292875608421013,0.000589189726943807
"30","N",66,0.00375848484848485,0.00183667696789127,0.000226079306425137,0.000451511553164613
"30","A",72,0.00408777777777778,0.00173971360944251,0.000205027215093221,0.000408812655762987
